Startup,Industry,City,Amount
byjus,edtech,Bengaluru,150000000
wealthbucket,fintech,New Delhi,3000000
19thmile,it,Gurugram,180000
1mg,consumerinternet,Gurugram,10000000
1mg(healthkartplus),onlinepharmacy&drugdb,Gurugram,6000000
33coupons,couponaggregatorplatform,Kanpur,20000
360ride,consumerinternet,Bengaluru,150000
3dexter,technology,New Delhi,150000
3hcare,healthcare,Delhi,1000000
3rdflix,saas,Hyderabad,5000000
48east,ecommerce,Bengaluru,500000
4tigo,logistics,Bengaluru,10000000
5thvital,healthcare,Bengaluru,500000
6degree,technology,Mumbai,200000
75f,iot,Burnsville,18000000
99perhour,consumerinternet,Chennai,300000
9stacks,technology,Delhi,1500000
a&rbonvivants,food,Jaipur,1000000
aadyah,technology,Bengaluru,1000000
aahaa,ecommerce,Chennai,1000000
aahaastores,ecommece,Chennai,1000000
aasaanjobs,consumerinternet,Mumbai,5000000
aashiyaan,finance,Kolkata,2000000
aavishkaar-intellecapgroup,investment,Mumbai,31000000
abihealth,technology,Bengaluru,1500000
absentia,virtualrealityheadsetcreator,Bengaluru,180000
absentiavr,technology,Bengaluru,1250000
aceturtle,technology,Bengaluru,5000000
ace2three,consumerinternet,Hyderabad,73700000
acko,consumerinternet,Mumbai,12000000
activeai,technology,Bengaluru,8250000
active.ai,technology,Singapore,3000000
actofit,technology,Mumbai,750000
actonmagic,technology,Bengaluru,125000
ad2pro,technology,Chennai,9700000
addresshealth,healthcare,Bengaluru,1500000
admitkard,edtech,Noida,1000000
adstringo,mobilecompressionsoftware,Mumbai,350000
adurcup,consumerinternet,New Delhi,100000
advantageclub,consumerinternet,Gurugram,400000
advenio,technology,Chandigarh,100000
adwyze,marketing/advertisingautomationplatform,Bengaluru,1000000
adytude,consumerinternet,New Delhi,1000000
aeonlearning,technology,Bengaluru,3200000
aequm,ecommerce,Bengaluru,1000000
affimity,consumerinternet,Bengaluru,1200000
affordplan,technology,New Delhi,500000
agaralabs,deep-tech,Bengaluru,2500000
agentdesks,realestatemobilecrm,New York/ India,2950000
agricxlab,agriculture,Mumbai,500000
agrostar,technology,Pune,10000000
airmedlabs,consumerinternet,Ahmedabad,1400000
airpay,technology,Mumbai,3670000
airzaar,technology,Missourie,350000
aisle,consumerinternet,Bengaluru,185000
akosha,businessmessagingapp,New Delhi,16000000
alef\\nmobitech,consumerinternet,Mumbai,5000000
allizhealth,preventivehealthcareservices,Pune,350000
allygrowtechnologies,engineeringservicescompany,Mumbai,20000000
almamapper,onlinestudent&campussocialnetworkingplatform,Ahmedabad,400000
alphacapital,finance,Mumbai,14800000
alteriacapital,finance,Mumbai,140000000
alternacare,consumerinternet,New Delhi,500000
altizone,technology,Pune,4000000
amagimedialabs,technology,Mumbai,35000000
americanvision,consumerinternet,Pune,81000
amperevehicles,electricbikemanufacturers,Coimbatore,1200000
anandakanda,technology,Pune,150000
anchanto,it,Pune,4000000
annapurnafinance,finance,Bhubneswar,23000000
apparioretailpvtltd.,e-commerce,Delhi,18840000
appbrowzer,consumerinternet,Bengaluru,500000
appdaily,technology,Mumbai,2000000
appie,consumerinternet,Mumbai,1000000
appilyever,consumerinternet,Hyderabad,400000
appknox,technology,Bengaluru,675000
applicate,workforcemanagementsoftware,Bengaluru,550000
appliedsolartechnologies,off-gridsolarpower,Mumbai,40000000
applop,ondemandmobileappdeveloper,Kolkata,100000
appsdaily,consumerinternet,Mumbai,3750000
appvigil,appsecurity\\xc2\\xa0testingplatform,Mumbai,500000
appvirality,mobilegrowthhacking\\nplatform,Hyderabad,500000
arcatronmobility,technology,Pune,100000
arkrobot,technology,Bengaluru,350000
arkinnet,datacentersoftwareplatform,Pune / US,15000000
arthdesignbuild,architecturaldesign&consulting,Hyderabad,500000
arya.ai,artificialintelligenceplatform,Mumbai,750000
asiainstituteofmedicalscience,healthcare,Faridabad,21000000
askmygift,personalizedwishlistcreatorapp,Noida,50000
atherenergy,electricscootermanufacturer,Bengaluru,12000000
atlan,informationtechnology,Singapore,2500000
atomberg,technology,Mumbai,1000000
atombergtechnology,consumertechnology,Mumbai,10000000
attunetechnologies,healthcareitsolutions&services,Chennai,10000000
augrav,ecommerce,Coimbatore,450000
autogrid,technology,Bengaluru,32000000
automationanywhere,automation,California,300000000
autorox.co,technology,Hyderabad,3000000
availfinance,finance,Bengaluru,9000000
avantilearning,education,New Delhi,5000000
avenuegrowth,consumerinternet,Gurugram,437000
avishkaarbox,ed-tech,Delhi,772500
awesummly,consumerinternet,Bengaluru,147000
awfis,consumerinternet,Mumbai,20000000
axio,healthcare,Bengaluru,7400000
axtria,bigdata&analyticsplatform,India / US,30000000
ayefinance,nonbankingfinancecompany,New Delhi,3000000
azah,healthandwellness,Gurugram,200000
b9beverages,food&beverage,New Delhi,6000000
babajobs,greycollarjobboard,Bengaluru,10000000
babyberry,consumerinternet,Bengaluru,1000000
babygogo,consumerinternet,New Delhi,300000
badiyajobs,consumerinternet,New Delhi,100000
balanceapp,consumerinternet,Bengaluru,233000
bankbazaar,consumerinternet,Chennai,7000000
bankerbay,consumerinternet,Bengaluru,2000000
batsondelivery,consumerinternet,Gurugram,90000
baxi,two-wheelertaxiservice,Gurugram,1450000
beusalons,consumerinternet,New Delhi,620000
beaconstalk,proximitymarketing&mobileadvertisingplatform,Mumbai,80000
beardo,ecommerce,Ahmedabad,500000
belita,on-demandbeautyservice,Mumbai,400000
belong,consumerinternet,Bengaluru,10000000
bestdealfinance,financialservicesportal,Mumbai,3000000
betaout,ecommerce,Noida,1500000
bettermortgage,consumerinternet,Gurugram,15000000
betterplace,technology,Bengaluru,970000
bharatpe,finance,New Delhi,75000000
bhiveworkspace,consumerinternet,Bengaluru,1200000
bibox,kidstoolkitforinnovationplatform,Bengaluru,530000
bidgely,efficientenergymanagementplatform,USA/India,16600000
bigbasket,ecommerce,Bengaluru,5000000
bigfishventures,food&beverage,New Delhi,11100000
bigstylist,consumerinternet,Mumbai,1250000
bigstylist.com,beautyandwellnessmarketplace,Mumbai,1000000
billionloans,consumerinternet,Bengaluru,1000000
bira91,foodandbeverage,New Delhi,5600000
biryaniblues,food&beverage,Gurugram,368000
biryanibykilo,consumerinternet,Gurugram,375000
biz2credit,fintech,New York,52000000
bizom,technology,Bengaluru,382000
bizongo,consumerinternet,Mumbai,22000000
blacksoil,finance,Mumbai,17000000
blackwhiteorange,b2bmerchandizeplatform,Mumbai,303000
blackbuck,onlinefreightservicesaggregator,Bengaluru,25000000
bloodncare,consumerinternet,Gurugram,40000
blowhorn,consumerinternet,Bengaluru,3650000
blubox,ecommercebrands\\xe2\\x80\\x99fullserviceagency,Mumbai,100000
bluebirch,endtoendreverselogisticssolutionplatform,Bengaluru,2000000
bluegape,webcontentpublishing,Gurugram,200000
bluegape.com,visualbloggingplatform,New Delhi,600000
bluestone,ecommerce,Mumbai,30000000
boardinfinity,edtech,Chembur,319605
boloapp,digitalmedia,Bengaluru,430200
bombayshavingcompany,ecommerce,New Delhi,2300000
bombayshirtcompany,ecommerce,Mumbai,1000000
bonavita,traveltech,Gurugram,5000000
bonhomia,premiumbeverages,New Delhi,2000000
bonphulapl,clean-tech,Delhi,293000
bookmyshow,consumerinternet,Mumbai,100000000
bookservicing,consumerinternet,New Delhi,30000
bookmein,professionalserviceappointmentbookingservice,Mumbai,400000
bookmybai,domestichelpaggregationplatform,Mumbai,150000
box8,onlinefooddelivery,Mumbai,3500000
boxmyspace,physicalstoragewarehouses,Mumbai,300000
boxx.ai,technology,Bengaluru,500000
brick2wall,ecommerce,Gurugram,200000
bristontechnomach,internetofthingsplatform,New Delhi,150000
broex,realestatebrokernetworkapp,Gurugram,1000000
browserstack,technology,Mumbai,50000000
buddy,finance,Bengaluru,500000
buddy4studdy,consumerinternet,Noida,3000000
bueno,onlinefoodordering&delivery,Gurugram,600000
buildsupply,"saas,ecommerce",Gurugram,3500000
buildtraders,ecommerce,Bengaluru,200000
buildzar,ecommerce,Gurugram,4000000
bumper,mobilecarservicingappointmentapp,Bengaluru,500000
burgersingh,qsr&onlinedeliveryportal,Gurugram,500000
buyhatke,onlineproductcomparison,Bengaluru,1000000
byju\\xe2\\x80\\x99s,consumerinternet,Bengaluru,35000000
cabsguru,cabsearchcomparison&bookingplatform,New Delhi,200000
callhealth,consumerinternet,Hyderabad,6200000
campusdiaries,consumerinternet,Bengaluru,220000
canvasflip,mobileapptestingplatform,Hyderabad,1200000
canvera,photographeronlinesearch&bookingplatform,Bengaluru,2200000
capabiliti,employeeonboarding&orientationplatform,Noida,400000
capillary,it,Bengaluru,20000000
capillarytech,cloudsoftwaresolutions,New Delhi,45000000
capitalfloat,consumerinternet,Bengaluru,25000000
capricoast,onlinekitchenfurniture,Bengaluru,1250000
capzest,consumerinternet,Mumbai,200000
caravancraft,indianethniccraftsetailer,Bengaluru,1200000
carcrew.in,consumerinternet,Mumbai,500000
cardekho,e-commerce,Gurugram,70000000
care24,professionalhealthservicesplatform,Mumbai,350000
careeranna,onlineeducation,Gurugram,572000
careongo,ecommerce,New Delhi,300000
carl\\xe2\\x80\\x99sjr,fastfoodchainfranchisee,Gurugram,630000
carpm,carmaintenance&managementmobileapp,Gurugram,100000
cars24,consumerinternet,Gurugram,49700000
cartrade,consumerinternet,Mumbai,55000000
casa2inns,affordablehotelbookingonline,New Delhi,5000000
cashsuvidha,e-commerce,Delhi,2700000
cashe,consumerinternet,Mumbai,3100000
cashflo,fintech,Mumbai,3300000
cashfree,technology,New Delhi,120000
cashify,e-commerce,Gurugram,935089
cashkaro.com,ecommercediscount&cashbackcouponsplatform,Gurugram,3700000
cashkumar,consumerinternet,Bengaluru,735000
cbrex,internationalhiringplatform,Mumbai / NY,200000
ccavenue,consumerinternet,Mumbai,8900000
celerix,technology,Bengaluru,400000
celescare,consumerinternet,Hyderabad,1000000
cerebroz,consumerinternet,Vadodara,734000
chaayos,ecommerce,Gurugram,2000000
chaithela,food&beverage,Noida,218000
chaipoint,foodsubscriptionplatform,Bengaluru,10000000
chakrinnovation,energy,New Delhi,26000000
changermints,digital/mobilewallet,Kolkata,165000
chargebee,technology,Chennai,18000000
chatongo,consumerinternet,Mumbai,300000
cheersoye!,consumerinternet,Mumbai,500000
chefsbasket,readytocookpackagedfoods,Mumbai,6000000
chillr,mobilepaymentsapp,Mumbai,6000000
chumbak,lifestyle,Bengaluru,13000000
citruspayment,paymentssolutionplatform,Mumbai,25000000
cityflo,busaggregationandrentalmobileapp,Mumbai,750000
clapsnslaps,onlinemoviereviewplatform,Mumbai,150000
cleansecar,services,Bengaluru,500000
cleartax,consumerinternet,New Delhi,12000000
clevertap,saas,Mumbai,26000000
click2clinic,consumerinternet,Hyderabad,850000
clipapp,consumerinternet,Bengaluru,1000000
cloudlending,end-to-endlendingplatform,Bengaluru / San Mateo,8000000
cloudcherryanalytics,crm/analyticsplatform,Chennai,1000000
cloudrino,technology,New Delhi,22500
clovia,ecommerce,New Delhi,4000000
clumio,saas,"San Jose,",135000000
colife,consumerinternet,Bengaluru,1000000
cointribe,finance,Gurugram,10000000
collateralmedical,ecommerce,Mumbai,3500000
collectabillia,celebrityfashionbrand,Bengaluru,7500000
collegedekho,onlineeducationinformationplatform,Jaipur,1000000
collegedunia,consumerinternet,New Delhi,445000
collpoll,consumerinternet,Bengaluru,306000
comarete,technology,Pune,200000
commeasure,onlinehotelbooking,Noida,1000000
commut,consumerinternet,Hyderabad,200000
confirmtkt,consumerinternet,Bengaluru,250000
connectindia,ecommercelogisticsprovider,New Delhi,5000000
convegenius,mobilelearningsolutions,Noida / Singapore,300000
cooey,healthmobileapp,Bengaluru,470000
coolshare,cabsharingservicemobileapp,Mumbai,100000
corseco,technology,New Delhi,150000
couponraja,onlinecoupon&comparisonplatform,Mumbai,500000
coveiot,technology,Bengaluru,5000000
coverfox,consumerinternet,Mumbai,22000000
craftstvilla,ethnicproductecommerce,Mumbai,18000000
craftsvilla,womenethnicwear\\xc2\\xa0onlinemarketplace,Mumbai,34000000
credihealth,consumerinternet,Gurugram,1500000
creditvidya,consumerinternet,Mumbai,5000000
creditmantri,consumerinternet,Chennai,7600000
creditmate,consumerinternet,Mumbai,500000
creditseva,consumerinternet,Hyderabad,360000
credr,usedvehiclesmarketplace,Mumbai,15000000
credright,consumerinternet,Hyderabad,1300000
credy,it,Bengaluru,1400000
creo,technology,Bengaluru,3000000
crofarm,technology,Gurugram,1500000
cropin,technology,Bengaluru,2000000
crown-it,hyperlocalmobilemarketplace,Gurugram,5500000
cube26,gesturebasedmobiledevelopment,New Delhi,7700000
cuberoot,technology,Gurugram,500000
cuemath,education,Bengaluru,4000000
cult,healthcare,Bengaluru,3000000
culturealley,languagelearningapp,Jaipur,6500000
cupick,socialnetworkforartists,Bengaluru,120000
cuponation,consumerinternet,Gurugram,11000000
curefit,consumerinternet,Bengaluru,120000000
cureinstant,consumerinternet,New Delhi,150000
curejoy,consumerinternet,Bengaluru,4400000
curielabs,technology,New Delhi,50000
curiositi,consumerinternet,Bengaluru,800000
curofy,technology,Gurugram,250000
customersucessbox,technology,Gurugram,1000000
customfurnish,custommadefurnituree-tailer,Hyderabad,4500000
cyclops,technology,Bengaluru,100000
cygnushospitals,healthcare,Gurugram,750000
daalchinitechnologies,foodandbeverage,New Delhi,500000
dailyhunt,consumerinternet,Bengaluru,6390000
dailyninja,consumerinternet,Bengaluru,3000000
dailyobjects,ecommerce,New Delhi,1400000
darwinbox,technology,Hyderabad,4000000
dataresolve,technology,Noida,1000000
dawailelo,consumerinternet,Varanasi,52000
daybox,consumerinternet,New Delhi,104000
deal4loans/wishfin,consumerinternet,Noida,15000000
degustibus,finediningrestaurantchain,Mumbai,30000000
dekkho,consumerinternet,Mumbai,1200000
delhivery,technology,New Delhi,100000000
delightfoods,brandedfoodproductsonlinesales,Bengaluru,600000
deyorcamps,consumerinternet,Gurugram,500000
deyorrooms,budgethotelsaggregator,New Delhi,500000
dhruva,technology,Pune,80000000
dhruvaspace,aerospace,Bengaluru,50000000
didi,on-demandmaidsserviceprovider,Mumbai,150000
digiconectt,technology,Bengaluru,125000
digilend,technology,Mumbai,312000
digio,technology,Bengaluru,375000
digit,consumerinternet,Pune,45000000
digitalf5,"advertising,marketing",Mumbai,6000000
digitalmallasia,e-commerce,Delhi,220000000
dilmil,consumerinternet,SFO / Bengaluru,2700000
dirolabs,consumerinternet,New Delhi,450000
dishq,food-tech,Bengaluru,400000
disprz,it,Chennai,2500000
docplexus,exclusiveplatformfordoctors&healthcareprofessionals,Pune,700000
docsapp,consumerinternet,Bengaluru,1200000
doctalk,technology,Mumbai,5000000
doctorinsta,consumerinternet,Gurugram,2000000
donething,consumerinternet,Gurugram,300000
don\\xe2\\x80\\x99tscratchyourhead,technology,Ahmedabad,250000
doormint,hyperlocalhandymanservices,Mumbai,3000000
doxper,technology,Mumbai,750000
dream11,consumerinternet,Mumbai,100000000
dripcapital,finance,Mumbai,15000000
driverscart,consumerinternet,Chennai,450000
driveu,transport,Bengaluru,1000000
drivezy,consumerinternet,Bengaluru,10000000
drivify,consumerinternet,Mumbai,50000
drivojoy,consumerinternet,Bengaluru,600000
droom,automobile,Gurugram,3000000
droom.in,usedvehiclemarketplace,New Delhi,16000000
dropkaffe,onlinecoffeedeliveryplatform,Bengaluru,300000
druva,technology,Pune,51000000
dunzo,consumerinternet,Bengaluru,650000
earlysalary,consumerinternet,Pune,4000000
earlysalary.com,mobileappbasedloandisbursementplatform,Mumbai,1500000
earthfood,consumerinternet,Pune,949000
easydiner,consumerinternet,Gurugram,4500000
easyecom,e-commerce,Bengaluru,150000
easykhaana,onlinefoodordering&deliveryplatform,New Delhi,100000
easypolicy,consumerinternet,Noida,2200000
easyrewardz,loyaltyprograms&rewardpoints,Mumbai,500000
easyroads,consumerinternet,Mumbai,200000
eat.shop.love,fashionecommerce,Bengaluru,3500000
eattreatonline,healthyfoodonlinecommunity,New Delhi,350000
eazydiner,restaurantreservationplatform,Gurugram,3000000
ebikego,lastmiletransportation,Amritsar,300000
ecolibriumenergy,technology,Ahmedabad,2600000
ecomexpress,logistics,New Delhi,30000000
ecozen,technology,Pune,6000000
edelweiss,finance,Mumbai,270000000
edu4share,exampreparationplatform,New Delhi,220000
eduaceservices,education,Lucknow,1000000
edubridge,consumerinternet,Mumbai,2500000
edukart,onlineeducationmarketplace,New Delhi,1000000
edupristine,education,Mumbai,10000000
edureka,ed-tech,Bengaluru,2000000
edurev,consumerinternet,Gurugram,40000
edyoo,e-commerce,Bengaluru,735000
ekincare,healthcare,Hyderabad,1500000
elasticrun,technology,Pune,2000000
elastirun,technology,Pune,7000000
elong,datadrivenrecruitmentrecommendation,Bengaluru,5000000
elucidata,it,Delhi & Cambridge,1700000
emiza,logistics,Mumbai,4500000
enakshi,consumerinternet,Ahemadabad,114811
endlessrobotics,technology,Hyderabad,100000
engineer.ai,software,India/US,29500000
enkast,technology,Bengaluru,2000000
entropik,it,Bengaluru,1100000
entropika,technology,Bengaluru,200000
epaylater,technology,Mumbai,2000000
epiqcapital,finance,Mumbai,200000000
epoise,jobsearchplatform,Bengaluru,500000
eps,technology,Mumbai,35000000
equickies,ecommerce,Ahmedabad,298000
era,technology,Mumbai,39000
eruditus,education,Mumbai,8200000
esadar,ecommerce,New Delhi,80000
esahai.in,consumerinternet,Hyderabad,250000
eshakti,ecommerce,Chennai,2300000
etaout,ecommercemarketingsoftwareplatform,Noida,500000
eureqa,testautomationsaasplatform,Hyderabad/USA,600000
eveningflavors,onlinetablereservation,Bengaluru,500000
explara,eventticketingplatform,Pune,490000
explorelifetraveling,consumerinternet,Bengaluru,500000
extracarbon,consumerinternet,Gurugram,225000
eywamedia,digitalsignalprocessingplatform,Bengaluru,1000000
ezcred,consumerinternet,Bengaluru,1000000
ezetap,technology,Bengaluru,16000000
ezyhaul,tech,Singapore,16000000
ezytruk,consumerinternet,Bengaluru,147000
faasos,food&beverage,Pune,6300000
fabhotels,consumerinternet,New Delhi,25000000
faballey,ecommerce,Noida,2000000
fabogo,consumerinternet,Pune,2250000
fabulyst,technology,Hyderabad,215000
fabx,ecommerce,Mumbai,68000
faircent.com,peertopeerlendingplatform,Gurugram,250000
fareye,technology,New Delhi,3500000
farmtaaza,technology,Bengaluru,8000000
farmlink,ecommerce,Mumbai,3000000
fashor,fashionandapparel,Mumbai,1800000
fastfox,consumerinternet,Gurugram,4600000
fincash,finance,Mumbai,150000
fingerlix,consumerinternet,Mumbai,3000000
finovacapital,consumerinternet,Jaipur,6000000
fintellix,bankinganalyticsplatform,Bengaluru,15000000
fintobox,technology,Chennai,7000000
finzy,finance,Bengaluru,1000000
firsteat,consumerinternet,New Delhi,100000
firstcry.com,ecommerce,Pune,10000000
fisdom,consumerinternet,Bengaluru,500000
fitmein,gym&fitnessstudiossubscriptionplatform,New Delhi,100000
fitpass,consumerinternet,New Delhi,1000000
fitso,consumerinternet,Gurugram,200000
fitternity,fitnessmarketplace,Mumbai,1000000
fivestargroup,fin-tech,Chennai,100000000
fixnix,consumerinternet,Chennai,500000
flatchat,flatrentalmobileapp,Bengaluru,2500000
flatpebble,onlinemarketplaceforphotographers,Hyderabad,600000
fleetrover,logisticsintelligence,Goa,180000
flexiloans,consumerinternet,Mumbai,15000000
flexingit,professionals&projectsearchmarketplace,New Delhi,500000
flickbay,consumerinternet,Mumbai,890000
flickstree,consumerinternet,Mumbai,464000
flipclass,consumerinternet,Bengaluru,1000000
flipkart,ecommerceplatform,Bengaluru,50000000
flipkart.com,onlinemarketplace,Bengaluru,700000000
flixygames,technology,Bengaluru,425000
flocareer,consumerinternet,Bengaluru,150000
flutura,technology,Bengaluru,7500000
flyrobe,ecommerce,Mumbai,1700000
flytxt,bigdata&analyticsplatform,Mumbai / Global,11000000
foodpanda,onlinefooddelivery,Gurugram,100000000
foodtalkindia,onlinefoodcommunityplatform,Gurugram,500000
forevershop,consumerinternet,Bengaluru,300000
fourseven,onlinejewelleryetailer,New Delhi,455000
fourthambit,consumerinternet,Bengaluru,600000
fourthpartnerenergy,solarpowersolutionscompany,Hyderabad,2000000
foyr.com,technology,Hyderabad,3800000
fpltechnologies,fintech,Pune,4500000
fr8,technology,Chennai,1500000
fracktalworks,3dprintermanufacturer,Bengaluru,3000000
fractalanalytics,technology,Mumbai,100000000
frapperz,consumerinternet,Kolkata,100000
freecharge,consumerinternet,Mumbai,57000000
freedomsmartlabs,technology,New Delhi,145000
freshfoodconcepts,food&beverage,New Delhi,2000000
freshdesk,consumerinternet,Chennai,55000000
freshmenu,consumerinternet,Bengaluru,16500000
freshvnf,agtech,Mumbai,140000000
freshworks,software,San Francisco,150000000
frontdeskai,technology,Bengaluru,1100000
frsh,onlinefoodordering&deliveryservice,Gurugram,1000000
ftcash,consumerinternet,Kolkata,150000
funcart,ecommerce,New Delhi,70000
fundsindia.com,financialservicesplatform,Chennai,11000000
furdo,onlineinteriordesigningplatform,Bengaluru,400000
furlenco,ecommerce,Bengaluru,5000000
furtadosschoolofmusic,education,Tulangan,200000000
fusionmicrofinance,microfinanceplatform,New Delhi,8600000
fyle,technology,Bengaluru,400000
fyletechnologies,technology,Bengaluru,1100000
fynd,ecommerce,Mumbai,2400000
fyre,food&beverage,Mumbai,500000
gaana,technology,Gurugram,115000000
gadgetwood,devicerepairsvcs,New Delhi,200000
gamezop,technology,New Delhi,350000
gamooz,technology,Gurugram,22500
gapoon,consumerinternet,Bengaluru,180000
gear6,consumerinternet,Bengaluru,500000
genextstudents,consumerinternet,Mumbai,209000
genie,consumerinternet,Chennai,250000
geniuscorner,education,Noida,278000
gennextstudents,consumerinternet,Mumbai,580000
getmyparking,consumerinternet,New Delhi,1100000
getmypeon,hyperlocalhandymanservices,Mumbai,250000
giftxoxo,ecommerce,Bengaluru,450000
gingercrush,custommerchandizeplatform,Ahmedabad,1000000
glamstudios,consumerinternet,Noida,300000
glamrs,onlinefashionvideoportal,Mumbai,1000000
glowroad,consumerinternet,Bengaluru,2000000
goalwise,consumerinternet,Bengaluru,1000000
gobumpr,consumerinternet,Chennai,300000
godesi,foodandbeverage,Bengaluru,138995
godofhospitals,digitalhealthcare,New Delhi,2000000
gofro,consumerinternet,New Delhi,10000000
gogotruck,consumerinternet,Chennai,75000
gojavas,delivery&logisticsserviceprovider,Gurugram,20000000
goldfarm,food&beverage,Coimbatore,2000000
golflan,consumerinternet,New Delhi,1000000
gomalon,consumerinternet,Bengaluru,100000
gomechanic,consumerinternet,Gurugram,250000
goodbox,ecommerce,Bengaluru,1000000
goodera,technology,Bengaluru,5500000
goodservice,mobilechatbasedconciergeservice,New Delhi,1600000
goomo,consumerinternet,Mumbai,50000000
gopigeon,consumerinternet,Bengaluru,1500000
goqii,fitnesstrackingmanagementsolutions,Mumbai,13400000
gosporto,consumerinternet,New Delhi,30000
goyano,consumerinternet,Gurugram,50000
gozefo,ecommerce,Bengaluru,1050000
gozoomo,usedcarmarketplace,Bengaluru,5000000
grab,foodlogistics&delivery,Mumbai,1000000
grab.in,logistics,Mumbai,2000000
grabhouse,rentalaccommodationsearchplatform,Bengaluru,10000000
gramcover,finance,New Delhi,1000000
gramophone,technology,Indore,1000000
grandopinion,onlinemedicaldiagnostic,New Delhi,150000
greenlightplanet,technology,Mumbai,60000000
grex,fundraisingplatformforstartups,Pune,650000
greycampus,consumerinternet,Hyderabad,1000000
greyorange,automatedstorage&warehousingsolution,Gurugram,30000000
greyatom,technology,Mumbai,1000000
greythr,technology,Bengaluru,5200000
gridle,cloudbasedcollaborationplatform,Ahmedabad,100000
grofers,hyper-localgrocerydeliveryplatform,Gurugram,120000000
groverzampa,food,Mumbai,8200000
growfit,consumerinternet,Bengaluru,4500000
growfitter,consumerinternet,Mumbai,600000
groww,consumerinternet,Bengaluru,1100000
guarented,ecommerce,Bengaluru,500000
guiddoo,traveltech,Mumbai,800000
guidoo,consumerinternet,Mumbai,300000
gyaanzone,education,Mumbai,45000
hackerearth,consumerinternet,Bengaluru,4500000
hackerrank,techrecruitmentplatform,Bengaluru,7500000
handyhome,hyperlocalelectronicsrepairservice,Mumbai,630000
handytrain,consumerinternet,Goa,1000000
hansacustomerequity,it/customerengagementconsulting,Mumbai,5000000
hanselio,consumerinternet,Bengaluru,4000000
hansel.io,consumerinternet,Bengaluru,1350000
happay,finance,Bengaluru,250000
happilyunmarried,ecommerce,New Delhi,740000
happitoo,locationbasednightliferecommendation\\xc2\\xa0platform,Mumbai,77000
happyemi,fin-tech,Bengaluru,1000000
happy2refer,consumerinternet,Mumbai,250000
haqdarshak,consumerinternet,Bengaluru,191000
hashtaag,technology,Bengaluru,1000000
headout,lastminutetraveldealsmobilemarketplace,Bengaluru / SFO,1800000
headsupfortails,ecommerce,New Delhi,1000000
healthassure,healthcare,Mumbai,2500000
healthcare,consumerinternet,Mumbai,1000000
healthcareathome,healthcare,Noida,40000000
healthenablr,consumerinternet,Mumbai,800000
healthi,healthcare,Bengaluru,3100000
healthians,healthandwellness,Gurugram,12000000
healthifyme,consumerinternet,Bengaluru,1000000
healthkart,ecommerce,Gurugram,12000000
healthkumbh,consumerinternet,Ahmedabad,73000
healthsignz,healthcare,Hyderabad,5000000
heckyl,technology,Mumbai,2700000
hellocurry,food&beverage,Hyderabad,1500000
hellotax,consumerinternet,New Delhi,295000
helpshift,technology,Pune,23000000
heterogenous,technology,Chennai,780000
hevodata,technology,Bengaluru,1000000
heypillow,onlinerealestatemarketplace,Bengaluru,3000000
highradius,technology,Hyderabad,50000000
hike,consumerinternet,New Delhi,175000000
hipbar,consumerinternet,Bengaluru,4000000
hipcouch,consumerinternet,Mumbai,700000
hippily,ecommerce,Mumbai,250000
hitwicket,cricketmanagementmobilegame,Hyderabad,250000
holachef,consumerinternet,Mumbai,1950000
holidayiq,travelinformationportal,Bengaluru,15000000
holidify,traveldestinationdiscoveryplatform,New Delhi,100000
holisollogistics,supplychain&logisticssolutions,New Delhi,10000000
homelane,homefurnishingsolutions,Bengaluru,50000000
homergize,ecommerce,Bengaluru,1000000
homestudio,onlinebrandedfurnitureetailer,Bengaluru,5000000
hoopy,consumerinternet,Gwalior,500000
hoppingchef,onlinefood-techplatform,Mumbai,470000
hoppingo,consumerinternet,New Delhi,89000
hopscotch,ecommerce,Mumbai,13000000
horntell,consumerinternet,Gurugram,150000
hotelogix,technology,Noida,5000000
hotify,newcurationmobileapp,Bengaluru,150000
houseofmsasaba,luxurylabel,Mumbai,1000000
housejoy,homeservicesmarketplace,Bengaluru,22500000
housing.com,consumerinternet,Mumbai,15000000
housingman,consumerinternet,Bengaluru,1500000
howdyventures,consumerinternet,Chennai,1500000
huginnovations,technology,Hyderabad,5000000
hungama,consumerinternet,Mumbai,25000000
hungerbox,foodandbeverage,Bengaluru,6590000
hwell24,healthcare,Mumbai,200000
hyperverge,deeplearningcloudalgorithms,Chennai,1000000
icanstay,technology,Delhi,1800000
i2e1,internetnetworkinfrastructureservices,New Delhi,500000
i2ifunding,consumerinternet,Noida,768000
i3sysytems,technology,Mumbai,1000000
iaugmentorlabs,technology,Gurugram,149000
ibusnetworks,technology,Bengaluru,2300000
icertis,consumerinternet,Pune,50000000
ichr,consumerinternet,New Delhi,450000
icustomadeit,bespokemerchandizemarketplace,Pune,250000
icustommadeit,professionalcustomcreatorsmarketplace,Pune,250000
ideabubbles,consumerinternet,Bengaluru,700000
ideaforge,technology,Mumbai,10000000
idgventures,finance,Bengaluru,10000000
ifmrholdings,financialinclusionplatform,Chennai,25000000
igenetics,healthcare,Mumbai,19500000
igniscareers,careerdevelopment,Hyderabad,250000
igrenenergi,technology,Mumbai,1000000
iimjobs,consumerinternet,New Delhi,2000000
imaginate,technology,Hyderabad,500000
imarticuslearning,education,Mumbai,1000000
imaxprogram,ed-tech,Bengaluru,13500000
imbesharam,ecommerce,New Delhi / US,4000000
imedilane,consumerinternet,New Delhi,40000
impactanalytics,technology,Bengaluru,750000
impactguru,consumerinternet,Mumbai,500000
inayo,on-demandhealthcaremarketplace,Mumbai,300000
incred,finance,Mumbai,5900000
incredfinance,finance,India,42000000
increff,technology,Bengaluru,3000000
indee,consumerinternet,Bengaluru,500000
indiagiftsportal,ecommerce,Noida,2000000
indialends,consumerinternet,New Delhi,4000000
indianroots.com,lifestyleecommerceportal,Gurugram,5000000
indiez,technology,Bengaluru,500000
indifi,consumerinternet,Gurugram,10000000
indigolearn,ed-tech,Hyderabad,150000
indofash,ecommerce,Bengaluru,150000
indusos,technology,Mumbai,4000000
industrybuying,industrialtoolsmarketplace,New Delhi,9200000
indwealth,fintech,Gurugram,15000000
infeedo,consumerinternet,Gurugram,200000
infibeam,ecommerce,Ahmedabad,8800000
infisecure,technology,Mumbai,600000
infogain,businessanditconsulting,New Delhi / US,63000000
infoworks,bigdatamanagementplatform,Bengaluru / USA,5000000
infurnia,consumerinternet,Bengaluru,160000
inkmonk,consumerinternet,Chennai,750000
inmobi,mobileadvertisingplatform,Bengaluru,100000000
innefusecurityconsulting,technology,New Delhi,2000000
innerhour,consumerinternet,Mumbai,450000
innerchef,consumerinternet,Gurugram,2500000
innonanoresearch,technology,Chennai,18000000
innov8,realestate,New Delhi,4000000
innovaccer,technology,Noida,15600000
innovapptive,technology,Hyderabad,1500000
innoviti,technology,Bengaluru,18500000
inshorts,technology,Noida,5000000
insider.in,consumerinternet,Mumbai,5200000
instacar,consumerinternet,Indore,1000000
instalively,videostreaming,New Delhi,120000
instasafe,technology,Bengaluru,2200000
intelligencenode,technology,Mumbai,800000
interviewpad,technology,Pune,100000
intgrea,technology,Bengaluru,100000
inthree,consumerinternet,Chennai,4000000
intuitthings,technology,Mumbai,106000
inurture,technology,Bengaluru,4400000
inuxu,technology,Pune,3000000
iotrek,technology,New Delhi,155000
iqlect,technology,Bengaluru,2500000
iservice,consumerinternet,Bengaluru,440000
isfc,finance,Hyderabad,6000000
istarskilldevelopment,skilltrainingstartup,Bengaluru,1500000
istyleyou,consumerinternet,Gurugram,100000
ithaka,consumerinternet,Mumbai,325000
ixigo,consumerinternet,Gurugram,15000000
jayrobotix,roboticprogramlearning,Hyderabad,250000
jaypore,ecommerce,New Delhi,5000000
jhakaas,consumerinternet,Mumbai,155000
jigsawacademy,onlineschoolforanalyticslearning,Bengaluru,3000000
jivox,technology,Bengaluru,6000000
jobspire,jobsearchplatform,Bengaluru,260000
joharishop,ecommerce,Bengaluru,94000
jollyfoodfellow,foodcustomeranalyticsplatform,Ahmedabad,300000
joolz,ecommerce,Mumbai,500000
joybynature,organicfoodecommerce,New Delhi,1000000
juggernaut,digital&physicalpublishingplatform,New Delhi,2250000
jugnoo,autorickshawbasedlogistics,Chandigarh,1000000
juliacomputing,numericalcomputing&datascienceplatform,Bengaluru,600000
jumbotail,ecommerce,Bengaluru,8500000
junoclinic,consumerinternet,Mumbai,1200000
juspay,consumerinternet,Bengaluru,5800000
justbuylive,ecommerce,Mumbai,20000000
justdakhila.com,education,New Delhi,750000
justlikenew,ecommerce,Hyderabad,500000
justride,consumerinternet,Mumbai,400000
kabadiexpress,others,New Delhi,148000
kabadiwala,e-commerce,Bhopal,430665
kaleidofin,fiinance,Chennai,2800000
kalpniktechnologies,technology,Bengaluru,500000
kanhaiya,inspiration,Hyderabad,200000
karmahealthcare,healthcare,Udaipur,500000
karomi,technology,Chennai,500000
kartrocket,consumerinternet,New Delhi,6000000
keeptrax,locationbasedapp,Dallas / Hyderabad,1000000
ketchupp,consumerinternet,New Delhi,441000
ketto,crowdfundingplatform,Mumbai,700000
khelnow,consumerinternet,New Delhi,350000
kidovators,ed-tech,Bengaluru,180000
kinaracapital,finance,Bengaluru,5000000
kinsaneentertainmentinc,entertainment,Mumbai,2500000
kissht,fin-tech,Mumbai,30000000
kleeto,documentdigitizationplatform,Gurugram,230000
kloseby,consumerinternet,Bengaluru,100000
knabfinance,consumerinternet,Bengaluru,385000
knowlarity,consumerinternet,Bengaluru,20000000
konsultapp,consumerinternet,New Delhi,500000
koohsports,technology,Mumbai,2200000
koovs,ecommerce,New Delhi,4400000
korra,privatelabelapparelsales,New Delhi,300000
krazybee,consumerinternet,Bengaluru,2000000
kredx,ecommerce,Bengaluru,6000000
krigercampus,ed-tech,Delhi,46140
kuants,technology,Gurugram,80000
kulzy,advertising&marketingcommunitynetworkingplatform,New Delhi,1000000
kuvera,consumerinternet,Bengaluru,250000
kwattsolutions,renewableenergysolutions,Mumbai,500000
larenon,globalhealthcareproducts,Ahmedabad,16000000
labsadvisor,onlinediagnostictestsmarketplace,New Delhi,156000
labstreet,diagnosticlabsaggregatorplatform,Gurugram,150000
lafalafa,couponsandcashbackaggregatorapp,Mumbai,125000
latestone,mobileaccessoriesonlinestore,Hyderabad,3000000
laundryanna,consumerinternet,Bengaluru,150000
lavellenetworks,technology,Bengaluru,600000
lazylad,hyperlocalgroceryapp,Gurugram,500000
leafwearables,smartsafetywearabledevices,New Delhi,250000
leapindia,others,Mumbai,3000000
leapingcaravan,onlinefoodordering&deliveryservice,Gurugram,150000
leegality,services,Mumbai/Bengaluru,3400000
legalraasta,consumerinternet,New Delhi,5000000
lendenclub,consumerinternet,Mumbai,500000
lendingkart,consumerinternet,Ahmedabad,10750000
lenskart,ecommerce,New Delhi,60000000
lenskart.com,e-commerce,Faridabad,231000000
leopetra,ecommerce,Mumbai,40000
letreach,ecommerce,New Delhi,100000
letstransport,consumerinternet,Bengaluru,4000000
letsmd,healthcare,Delhi,1000000
liasesforas,realestaterating&analysis,New Delhi,5000000
licious,ecommerce,Bengaluru,3000000
lifecircle,healthcare,Hyderabad,150000
liftiee,consumerinternet,Mumbai,108000
lifto,ridesharingmobileapp,Mumbai,130000
limo,consumerinternet,Mumbai,1000000
listup,ecommerce,Mumbai,500000
littleblackbook,consumerinternet,New Delhi,1000000
littleblackbookdelhi,onlinecity&lifestyleguide,New Delhi,150000
littlemore,ed-tech,Chennai,3000000
livehealth,consumerinternet,Pune,1100000
livinglocal,consumerinternet,Mumbai,200000
livspace,homedesign&d\\xc3\\xa9corsolutions,Bengaluru,8000000
lo!foods,consumergoods,Bengaluru,500000
loanframe,consumerinternet,Gurugram,2250000
loantap,consumerinternet,Mumbai,6250000
loanbaba,onlineloansmarketplace,Mumbai,320000
localoye,hyper-localonlineservices,Mumbai,5000000
locanix,technology,Ahmedabad,300000
locus,technology,Bengaluru,2750000
log9materials,technology,Bengaluru,436000
logicroots,technology,Mumbai,50000
loginext,end-to-endlogisticsplatform,Mumbai,10000000
lookup,b2cmessagingapp,Bengaluru,3000000
lovecycles,consumerinternet,Bengaluru,750000
luxuryhues,luxurygoods\\xc2\\xa0shoppingplatform,Gurugram,900000
lybrate,healthcaremobileapp,New Delhi,10200000
maalgaadi,logistics,Indore,375000
machadalo,consumerinternet,Mumbai,175000
madratgames,educationalboardgames,Bengaluru,168000
magicbricks,consumerinternet,Mumbai,4500000
magicpin,consumerinternet,Gurugram,1000000
magicx,consumerinternet,Bengaluru,1000000
makemytrip,consumerinternet,Gurugram,180000000
makkajai,technology,Pune,250000
mamaearth,healthcare,Gurugram,4000000
managemyspa,spa&salonmanagementsoftware,Hyderabad,6000000
manch,socialmedia,Delhi,700000
maptags,consumerinternet,Bengaluru,18000
marianaiq,technology,Bengaluru,2000000
marketsandmarkets,technology,Pune,56000000
mathbuddy,consumerinternet,Vadodara,440000
mazkara,consumerinternet,Pune / Dubai,1000000
mcaffeine,ecommerce,Bengaluru,300000
mchamp,consumerinternet,New Delhi,475000
mealhopper,homemadefoodmarketplace,Gurugram,100000
mebelkart,onlinefurnituremarketplace,Bengaluru,20000000
mechmocha,mobilegamedevelopment&designplatform,Bengaluru,1000000
medd,personaldiagnosticmobileapp,Mumbai,150000
medecube,healthcare,Gurugram,4000000
medgenome,clinicalgenomicsprovider,Bengaluru,20000000
medidaili,consumerinternet,Bengaluru,100000
medikabazaar,healthcare,Mumbai,15800000
medikoe,healthcareservicesdiscoveryplatform,Bengaluru,100000
medinfi,consumerinternet,Bengaluru,200000
medlife,e-commerce,Bengaluru,17000000
medwellventures,healthcare,Bengaluru,21000000
medzin,ecommerce,New Delhi,45000
meesho,e-commerce,Bengaluru,125000000
meetuniv,onlineed-techplatform,Noida,1000000
melorra,ecommerce,Bengaluru,5000000
mengage,healthcare,Jaipur,175000
meradoctor,virtualhealthconsultationapp,Mumbai,1200000
mergerware,technology,Bengaluru,100000
meritnation,onlinelearningplatform,New Delhi,4000000
merucabs,consumerinternet,Mumbai,25000000
messagif,consumerinternet,New Delhi,50000
metrobikes,consumerinternet,Bengaluru,12200000
mfine,consumerinternet,Bengaluru,1500000
mihup,technology,Kolkata,6700000
mihuru,finance,Mumbai,150000
milkbasket,food,New Delhi,1300000
milofy,consumerinternet,Bengaluru,750000
mindler,consumerinternet,New Delhi,324000
mindtickle,technology,Pune,27000000
mintifi,finance,Mumbai,2000000
misters,healthandwellness,Gurugram,486000
mobiefit,healthcare,Goa,1350000
mobikon,restaurantcustomerengagementplatform,Pune,2300000
mobikwik,consumerinternet,Gurugram,50000000
mobilepremierleague,gaming,Bengaluru,500000
mobycy,technology,Gurugram,500000
mockbank,governmenttestpreparationplatform,Bengaluru,400000
moengage,mobilemarketingautomationplatform,Bengaluru,4250000
moglix,ecommerce,Noida,12000000
mojarto,ecommerce,Gurugram,445000
momark,consumerinternet,Noida,600000
moneyonmobile,technology,Mumbai,5000000
moneytap,consumerinternet,Bengaluru,12300000
moodoo,consumerinternet,Mumbai / UK,40000
mpaani,consumerinternet,Mumbai,1350000
mrneeds,consumerinternet,Noida,500000
mse,finance,Mumbai,32000000
mswipe,technology,Mumbai,31000000
multipliersolutions,technology,Hyderabad,1500000
muvizz,movie-on-demandplatform,Singapore,350000
myforexeye,consumerinternet,New Delhi,220000
myhealthcare,e-commerce,Bengaluru and Gurugram,3000000
myomnamo,consumerinternet,Mumbai,1000000
mycfo,wealthmanagementplatform,Mumbai,1500000
mychildapp,education,Bhopal,100000
mycity4kids,education,Gurugram,3000000
mydentist,dentalclinicchain,Mumbai,8200000
mydentistchoice,ecommerce,Hyderabad,150000
mydidi,consumerinternet,Mumbai,550000
myelinfoundry,informationtechnology,Bengaluru,1000000
myglamm,consumerinternet,Mumbai,5300000
mygreens,food&beverage,New Delhi,1000000
mygubbi,ecommerce,Bengaluru,2700000
myindianstay,homestay&roomrentalsplatform,Goa,200000
mykindofjob,consumerinternet,Mumbai,1000000
myloancare,finance,Gurugram,978000
myly,consumerinternet,Jaipur,310000
myonsto,onlinegrocers,Ahmedabad,320000
mypetrolpump,retail,Bengaluru,1600000
mypoolin,mobilesocialnetwork,New Delhi,250000
myseniordoctor,consumerinternet,Gurugram,200000
mysmartprice,onlinecomparisonengine,Hyderabad,10000000
mystifly,consumerinternet,Bengaluru,5000000
mysun,technology,Noida,2500000
mytaxiindia,consumerinternet,New Delhi,1000000
myupchar,healthcare,Delhi,5000000
n.o.w,consumerinternet,Noida,500000
naaptol,onlineandtvshoppingmarketplace,Mumbai,52000000
naaptol.com,tele-shopping/ecommerce,Mumbai,21500000
nagpurwholesale,onlinemarketplace,Nagpur,143000
nanocleanglobal,nanotechnology,New Delhi,600000
narvar,it,Bengaluru,3000000
naturenama,consumerinternet,Mumbai,225000
nayidisha,ed-tech,New Delhi,300000
nazaratechnologies,technology,Mumbai,27000000
ndtvweddingportal,onlineweddingmarketplace,New Delhi,20000000
nearbuy,consumerinternet,Gurugram,2500000
nearbuy(previously\\xc2\\xa0grouponindia),hyper-localecommerce,New Delhi,16000000
neogrowth,finance,Mumbai,16000000
neogrowthcredit,finance,Mumbai,47000000
neostencil,consumerinternet,New Delhi,1000000
neotradeanalytics,real-timestockdataplatform,Bengaluru,235000
nesteducation,technology,Gurugram,600000
nestaway,consumerinternet,Bengaluru,30000000
netlinx,consumerinternet,Hyderabad,3000000
netmeds,consumerinternet,Chennai,35000000
netmeds.com,onlinepharmacy,Chennai,50000000
networkintelligence,technology,Mumbai,4800000
neuroequilibrium,technology,Jaipur,250000
newcastletechnologies,technology,Chennai,243000
newgensoftware,technology,New Delhi,20000000
newsdistill,consumerinternet,Hyderabad,100000
newspatrolling,consumerinternet,New Delhi,25000
nightstay,hotelbookingapp,Noida,500000
niki.ai,consumerinternet,Bengaluru,2000000
ninjacart,ecommerce,Bengaluru,5500000
nirogstreet,healthcare,Gurugram,300000
nivesh,finance,Noida,450000
niyosolutions,technology,Bengaluru,1000000
nobroker,consumerinternet,Bengaluru,10000000
noddapp,consumerinternet,Mumbai,147000
noodleplay,chinesefooddelivery,Mumbai,168000
nopaperforms,technology,Delhi,872000
notesgen,consumerinternet,New Delhi,100000
noticeboard,consumerinternet,Bengaluru,1200000
notionpress,consumerinternet,Chennai,1000000
nowfloats,consumerinternet,Hyderabad,10000000
nukkadshops,consumerinternet,Hyderabad,1000000
numberz.in,technology,Gurugram,650000
nurturey,consumerinternet,New Delhi,330000
nuvepro,technology,Mumbai,400000
nxtgen,itinfrastructure&datacenterservices,Bengaluru,13500000
nykaa,beauty&wellnessproductse-tailer,Mumbai,9500000
observeai,technology,Bengaluru,8000000
octo.ai,technology,New Delhi,200000
ofbusiness,ecommerce,Gurugram,5000000
ohoshop,technology,Ahmedabad,6700000
oibanit,onlinefoodorderingmarketplace,Vadodara,150000
okcredit,fintech,Haryana,15500000
ola,consumerinternet,Bengaluru,330000000
olacabs,cabbookingappplatform,Bengaluru,30000000
omniainformation,technology,Delhi,3000000
omnify,technology,Bengaluru,150000
omnikart,industrialsuppliesb2becommerce,Mumbai,100000
oncostem,healthcare,Bengaluru,6000000
oneassist,creditcardfraudprotectionsolutions,Mumbai,7500000
onestepup,technology,New Delhi,336000
oneway.cab,consumerinternet,Vadodara,450000
onlinerti,onlinertiapplicationservices,Bengaluru,150000
onlinetyari,multilingualtestpreparationplatform,Gurugram,770000
onnbikes,technology,Mumbai,692000
onspoon,consumerinternet,Mumbai,150000
oorjan,technology,Mumbai,450000
openapp,technology,Bengaluru,3600000
opentap,finance,Chennai,450000
opinio,hyperlocalfood&grocerystore,Bengaluru,1300000
optacredit,finance,Chennai,4000000
orahi,consumerinternet,Gurugram,520000
orangetwig,consumerinternet,New Delhi,1000000
orianosolar,technology,Mumbai,3000000
origaleasing,assetfinancingplatform,Mumbai,1100000
origocommoditiesindiapvt.ltd,logistics,Hyderabad,11000000
ouwt,nightlifediscoverymobileapp,Mumbai,150000
overcart.com,ecommerce,Gurugram,3000000
oyo,consumerinternet,New Delhi,100000000
oyorooms,budgethotelaccommodation,Gurugram,100000000
paisadukan,consumerinternet,Mumbai,225000
pando,logistics,Chennai,9000000
paperboat,ethnicbeveragesmanufacturer,Gurugram,30000000
paperflite,technology,Chennai,400000
parablu,technology,Bengaluru,500000
paralleldots,technology,Gurugram,1400000
parcelled,onlinelogisticsplatform,Bengaluru,5000000
parkeasy,consumerinternet,Kolkata,118000
pastiwala,materialcollection&recycling,Vadodara,4000000
patellogistics,transportation&logisticsplatform,Mumbai,5600000
paymango,mobilecommerceplatform,Gurugram,234000
paynear,mobilepointofsalesolutions,Hyderabad,2500000
paysense,consumerinternet,Mumbai,5300000
paytm,fintech,Noida,1000000000
paytmmarketplace,ecommerce,Bengaluru,200000000
paytunes,consumerinternet,New Delhi,500000
peebuddy,healthcare,New Delhi,443000
peesafe,healthcare,Gurugram,1000000
peesafe.in,healthcare,New Delhi,1000000
pepperfry,consumerinternet,Mumbai,38400000
peppertap,hyperlocal\\xc2\\xa0grocerydeliveryservice,Gurugram,4000000
perfios,technology,Bengaluru,6100000
perfumery,ecommerce,New Delhi,30000
perpule,ecommerce,Bengaluru,650000
petoo,consumerinternet,Bengaluru,1000000
petsutra,consumerinternet,Gurugram,148434
pharmarack,technology,Pune,745000
pharmeasy,ecommerce,Mumbai,18000000
phonepe,consumerinternet,Bengaluru,66000000
pidatacenters,technology,Hyderabad,23000000
piventures,finance,Bengaluru,25000000
pickingo,on-demanddeliverylogistics,New Delhi,1300000
pickme,consumerinternet,Mumbai,1790000
pickmylaundry,consumerinternet,New Delhi,200000
pictorimaging,consumerinternet,Mumbai,147000
pindropmusic,consumerinternet,Noida,100000
pinelabs,informationtechnology,Noida,38080000
pinkblue,ecommerce,Bengaluru,223608
pipabella,onlinejewelrystore,Mumbai,600000
pipecandy,technology,Chennai,1100000
piqube,hiringanalyticsplatform,Chennai,500000
pitstop,consumerinternet,Bengaluru,1000000
plabro,realestatebrokerplatformapp,New Delhi,350000
plancess,onlineeducationplatform,Mumbai,2000000
planmy\\nmedicaltrip,healthcare,Pune,150000
planystechnologies,technology,Chennai,1040000
playablo,technology,Bengaluru,600000
playment,consumerinternet,Bengaluru,700000
playsimple,technology,Bengaluru,4000000
plix,consumerinternet,Gurugram,500000
pluss,hyperlocalhealthcareproductdeliveryserviceprovider,Gurugram,1000000
pocketaces,technology,Mumbai,3000000
pocketin,consumerinternet,Noida,150000
pokkt,alternatemobilemonetizationplatform,Mumbai,5000000
policybazaar,consumerinternet,Gurugram,77000000
popxo,technology,Delhi,5500000
popxo.com,onlinecontentplatformforwomen,New Delhi,2000000
portdesk,technology,Noida,2000000
portea,healthcare,Bengaluru,26000000
porteamedical,homemedicalcareservices,Bengaluru,37500000
poshtic,consumerinternet,Noida,450000
postman,apiworkflowplatform,Bengaluru,1000000
power2sme,ecommerce,Gurugram,10000000
practo,doctorappointmentbookingapp,Bengaluru,90000000
pragmatix,businessintelligence&analytics,Mumbai,2400000
pramati,healthcare,Noida,200000
pratilipi,publishing,Bengaluru,4300000
prescribez,consumerinternet,Pune,145000
pressplay,travelentertainment,New Delhi,2200000
prestloans,finance,New Delhi,570000
prettysecrets,ecommerce,Mumbai,6000000
pricejugaad,pricecomparison,Hyderabad,165000
priceraja,consumerinternet,Gurugram,300000
primaryio,technology,Pune,5600000
progcap,finance,New Delhi,5000000
projectmudra,technology,Bengaluru,50000
promon,ecommerce,New Delhi,180000
prophesee,digitalanalyticsplatform,New Delhi,500000
propstack,realestateintelligenceplatform,Mumbai,3000000
prothom,hasbrotoymanufacturer,Pune,2000000
proviera,probiotictechnologyproductsmanufacturer,Chennai,550000
proximit,technology,Pune,150000
prozo,ecommerce,Gurugram,315000
pulse,consumerinternet,Bengaluru,500000
purowellness,healthcare,Mumbai,37000000
purplestylelabs,consumerinternet,Mumbai,448000
purplehealth,consumerinternet,Trivandrum,100000
purplle,ecommerce,Mumbai,6000000
qacco,consumerinternet,Gurugram,150000
qikstay,hotelaggregator&bookingplatform,New Delhi,250000
qikpod,ecommercedeliverylockerservices,Bengaluru,9000000
qikship,consumerinternet,New Delhi,200000
qlivery,consumerinternet,Gurugram,230000
qriyo,consumerinternet,Jodhpur,160000
qubole,technology,Bengaluru,30000000
quifers,logisticstechplatform,Mumbai,310000
quikr,online&mobileclassifiedlistings,Mumbai,60000000
quikwallet,f&bsectormobilepaymentplatform,Mumbai,1600000
quintype,datadrivenpublishingplatform,Bengaluru,3300000
quizizz,ed-tech,Bengaluru,3000000
qwikspec,technology,Bengaluru,540000
qykapp,on-demandappbasedprofessionalserviceprovider,Bengaluru,1000000
raincan,subscriptionbasedonlinegroceryplatform,Pune,100000
raoiitacademy,education,Mumbai,8600000
rapido,technology,Hyderabad,329230
rapidobiketaxi,transportation,Bengaluru,-2147483648
raremedia,technology,New Delhi,1100000
rawpressery,food&beverage,Mumbai,6000000
rayiot,technology,Bengaluru,100000
razorpay,technology,Bengaluru,20000000
reach,consumerinternet,Bengaluru,500000
realbox,technology,Noida,300000
recykal,wastemanagementservice,Hyderabad,26000000
redcarpet,consumerinternet,Gurugram,2500000
redbook,technology,Mumbai,250000
reddoorz,budgetaccommodationplatform,Noida,1000000
redpolka,onlinefashionaggregator,Mumbai,250000
reglobe,usedgadgetsbuy/refurbishing,Gurugram,1000000
reingames,gaming,Noida,50000000
remitguru,consumerinternet,Mumbai,466000
remitr,consumerinternet,Mumbai,1000000
renderlogy,onlinehomed\\xc3\\xa9cor,Hyderabad,1000000
renewbuy,consumerinternet,New Delhi,9200000
rentalpha,others,Mumbai,16000000
rentickle,ecommerce,New Delhi,250000
rentmojo,consumerinternet,Bengaluru,5000000
rentomo,consumerinternet,Bengaluru,100000
rentomojo,"onlinefurniture,homeappliancesrentalplatform",Bengaluru,2000000
rentongo,ecommerce,Bengaluru,234000
rentsher,consumerinternet,Bengaluru,1100000
repaireasy,consumerinternet,Pune,275000
ressy,restaurantdiscountapp,Pune,400000
retention.ai,appanalyticsplatform,Bengaluru,500000
reverie,languagelocalizationcloudplatform,Bengaluru,4000000
revv,consumerinternet,New Delhi,9000000
revx,cross-channelcrmplatform,Mumbai,4000000
ridlr,consumerinternet,Mumbai,6000000
rivigo,logisticsservicesprovider,Gurugram,30000000
rksv,consumerinternet,Mumbai,4000000
rmlagtech,technology,Pune,4000000
roadcast,technology,Delhi,250000
roadgods,ecommerce,New Delhi,100000
roadrunnr,hyperlocallogisticsservice,Bengaluru,10000000
roambee,technology,Mumbai,4100000
robosoft,mobileappdevelopment,Udupi,12000000
robovac,technology,Ahmedabad,450000
rocknshop,premiumapparelshoppingportal,New Delhi,150000
rocketium,technology,Bengaluru,300000
roder,consumerinternet,New Delhi,240000
rollmafia,qsrrestaurantchain,Pune,160000
roomoncall,consumerinternet,Gurugram,2000000
roomcentral,cloud-basedhotelbookingplatform,Bengaluru,2000000
roomstonite,lastminutehotelbookingapp,Bengaluru,1500000
rootefy,ecommerce,New Delhi,187000
roposo,socialmedia,Delhi,1700000
rubique,consumerinternet,Mumbai,3000000
rubix,technology,Pune,1000000
runnr,consumerinternet,Bengaluru,7000000
rupaiyaexchange,consumerinternet,New Delhi,200000
rupeek,consumerinternet,Bengaluru,6830000
schand,educationcontentprovider,New Delhi,27000000
s-cubefuturetech,structural&civilenggserviceautomation,Mumbai,1000000
saahaszerowaste,wastemanagementservice,Bengaluru,868600
saama,bigdata&analyticsservices,Pune / US,35000000
saavn,musicstreamingapp,Mumbai,100000000
sagacito,technology,New Delhi,10000000
sahajanandmedicaltechnologies,technology,Surat,36230000
sahayogdairy,dairybasedproductmanufacturer,Bhopal,1800000
salebhai,ecommerce,Ahmedabad,1500000
sambandh,consumerinternet,Rourkela,2500000
samco,consumerinternet,Mumbai,7500000
samosalabs,consumerinternet,Hyderabad,7000000
sampurnearth,wastemanagementsolutions,Mumbai,160000
samunnati,finance,Chennai,23500000
samunnatifinancialintermediation&servicespvt.ltd,finance,Chennai,5000000
sastasundar,ecommerce,Kolkata,5000000
satvacart,onlinegroceryplatform,Gurugram,1800000
savebc,finance,Gaya,6000000
savvymob,ecommerce,Bengaluru,1000000
sayfix,consumerinternet,Bengaluru,160000
scapic,technology,Bengaluru,500000
schedulerslogistics,logistics,Mumbai,6000000
schoolguru,e-learningserviceprovider,Mumbai,3000000
schoolkart,ecommerce,Noida,300000
schoolwear,ecommerce,Mumbai,1500000
scoopwhoop,viralcontentwebplatform,New Delhi,4000000
scootsy,consumerinternet,Mumbai,3600000
scripbox,mutualfundinvestingplatform,Bengaluru,2500000
seclore,technology,Mumbai,12000000
securens,technology,Mumbai,5000000
seedschools,affordableeducation,Hyderabad,650000
seedoc,consumerinternet,Gurugram,1000000
seniority,ecommerce,Pune,1000000
sensara,technology,Bengaluru,750000
sensegiz,smartwatchmaker,Belgaum,500000
sepalika,consumerinternet,New Delhi,750000
serv\\xe2\\x80\\x99d,consumerinternet,Pune,100000
setu,fintech,Bengaluru,3500000
shabdanagari,consumerinternet,Kanpur,200000
shadowfax,on-demanddeliveryservice,Gurugram,310000
shadowfox,logistics,Gurugram,10000000
shape,healthcare,Pune,100000000
sharechat,consumerinternet,Mumbai,4000000
sheroes,careercommunityforwomen,Noida,770000
shippr,intra-citylogisticsservice,Bengaluru,500000
shipsy,logistics,Gurugram,1000000
shirsalabs,digitalintelligentlearningplatform,Mumbai,250000
shop101,consumerinternet,Mumbai,5000000
shopalyst,productdiscovery&recommendationplatform,Bengaluru,2000000
shopclues,ecommerce,Gurugram,100000000
shopholix,e-commerce,Gurugram,233000
shopkirana,b2b,Indore,2000000
shoppinpal,technology,Pune,1070000
shopsup,ecommerce,Bengaluru,963000
shopx,ecommerce,Bengaluru,5000000
shotang.com,b2becommercemarketplace,Bengaluru,5000000
shouut,consumerinternet,New Delhi,500000
shubhloans,consumerinternet,Bengaluru,1500000
shuttl,transportation,Gurugram,8048394
sidqam,technology,Noida,1200000
siftrlabs,consumerinternet,Mumbai,150000
signzy,financialtech,Mumbai/Bengaluru,3400000
sigtuple,technology,Bengaluru,5800000
sillymonks,consumerinternet,Hyderabad,448000
silvan,technology,Bengaluru,515000
silvaninnovationlabs,technology,Bengaluru,900000
silverpush,cross-deviceretargetingplatform,Gurugram / SFO,1200000
simility,technology,Hyderabad,17500000
simplilearn,education,Bengaluru,6000000
sirionlabs,technology,Gurugram,12250000
sistema.bio,agriculture,Nairobi,2739034
skillenza,consumerinternet,Bengaluru,722000
skoov.com,ecommerceproductsearchengine,Mumbai,150000
slanglabs,technology,Bengaluru,1240000
slicepay,consumerinternet,Bengaluru,2000000
slideapp,consumerinternet,New Delhi,3600000
smaaash,technology,Mumbai,3800000
smartcoin,finance,Bengaluru,2000000
smartivity,ed-tech,Delhi,2000000
smartivity.in,virtualrealityactivitybasedlearningplatform,New Delhi,200000
smartvizx,technology,Noida,500000
sminq,consumerinternet,Pune,1000000
smytten,onlineproductsdiscoveryplatform,Gurugram,200000
snackible,food&beverages,Mumbai,175000
snapbizz,ecommerce,Bengaluru,7200000
snapdeal,ecommercemarketplace,New Delhi,500000000
solartown,technology,Chennai,200000
soopermo,technology,Gurugram,100000
soundsurround,technology,Mumbai,22500
sprobotics,technology,Chennai,300000
spandanasphoorty,finance,Hyderabad,19500000
spareshub,ecommerce,Pune,311000
specsmakers,e-commerce,Chennai,10000000
speedbox,logistics,Mumbai,300000
spiderg,consumerinternet,Pune,150000
spinny,ecommerce,Gurugram,1000000
spoonjoy,onlinefooddelivery,Bengaluru,1000000
sportobuddy,consumerinternet,Mumbai,150000
sportzvillage,sportsmanagement&physicaleducationbusiness,Bengaluru,10000000
spotdraft,consumerinternet,Gurugram,550000
springboard,technology,Bengaluru,9500000
sqqrl,finance,Gurugram,1000000
squadrun,technology,Noida,2100000
squareyards,consumerinternet,Gurugram,12000000
stalkbuylove,ecommerce,New Delhi,6000000
stanplus,logistics,Hyderabad,1100000
stanzaliving,technology,Delhi,2000000
startupname,industry,City,0
stashfin,consumerinternet,New Delhi,5000000
stasislabs,technology,Bengaluru,5000000
stayzilla,consumerinternet,Chennai,13500000
stellaps,technology,Bengaluru,14000000
stitchwood,customfurnituremarketplace,Mumbai,395000
stockal,consumerinternet,Bengaluru,350000
stockroom.io,developerportfolioshowcaseplatform,Hyderabad,70000
storeking,ecommerce,Bengaluru,16000000
stratfit,consumerinternet,Hyderabad,232000
streak,technology,Bengaluru,354600
streamoid,visualsearchanddiscoveryplatform,Bengaluru / Palo Alto,1000000
strike,consumerinternet,Bengaluru,22500
stuffed,quickservicerestaurant&onlinedelivery,Mumbai,385000
stylecracker,personalizedstylingplatform,Mumbai,1000000
styledotme,consumerinternet,New Delhi,37000
styletag,designerfashionjewellerymarketplace,Bengaluru,7500000
stylofie,healthandbeautyservicesmarketplace,Gurugram,250000
sulekha.com,onlineclassifieds&listings,Chennai,28000000
sumeru,technology,Bengaluru,900000
summerlabel,consumerinternet,Gurugram,150000
sundayrealtysolutions,techplatformforpropertybrokers,Mumbai,785000
sunstoneeduversitypvt.ltd,education,Gurugram,1500000
supergaming,videogames,Pune,1300000
superherobrands,charactermerchandizesalesplatform,Mumbai,540000
supplified,ecommerce,New Delhi,1000000
suprdaily,consumerinternet,Mumbai,120000
swajal,innovativewatersolutions,Gurugram,1200000
swiggy,onlinefoodordering,Bengaluru,16500000
synctag,technology,Coimbatore,307600
synup,technology,Bengaluru,6000000
syonacosmetics,fmcg,Chennai,150000
systemantics,technology,Bengaluru,1400000
tablehero,consumerinternet,Bengaluru,1000000
tagosdesign,technology,Bengaluru,5000000
tala,fintech,Santa Monica,110000000
talentnext,consumerinternet,Mumbai,1000000
talentedge,technology,Bengaluru,7600000
talkoot,socialplatformfortradersandinvestors,Bengaluru,100000
tapchief,consumerinternet,Bengaluru,150000
tapzo,technology,Bengaluru,1930000
taskbob,ondemand\\nmobilehandymanservices,Mumbai,1200000
taskbucks,mobile-onlytasksmarketplace,New Delhi,15000000
tatahousing,realestate,Mumbai,23000000
tax2win,consumerinternet,Jaipur,1000000
taxivaxi,consumerinternet,New Delhi,500000
taxsutra,consumerinternet,Pune,366000
tazzobikes,consumerinternet,Hyderabad,227000
teabox,e-commerce,Bengaluru,7000000
teatrails,chainofteacaf\\xc3\\xa9\\xe2\\x80\\x99s,Mumbai,1000000
telr,technology,Mumbai,3000000
tempgo,technology,Goa,250000
tempogo,technology,Panaji,825000
teritree,digitalmarketingservices,Bengaluru,140000
termsheet,fundraisingplatform,Chennai,100000
thebluebook,consumerinternet,Bengaluru,500000
thegoodlife,ecommerce,Mumbai,1000000
thehealthybillions,healthcare,Gurugram,2100000
theken,consumerinternet,Bengaluru,400000
thekettlery,ecommerce,Ahmedabad,1000000
thelabellife,e-commerce,Mumbai,3100000
themomsco,ecommerce,Gurugram,1000000
theofficepass,consumerinternet,Gurugram,245000
theporter,logisticstech,Mumbai,500000
theprint,media,Delhi,535000
theuolo,consumerinternet,Bengaluru,210000
theviralfever,consumerinternet,Mumbai,10000000
theweddingbrigade,consumerinternet,Mumbai,600000
the/nudgefoundation,nonprofitorganizationtoalleviatepoverty,Bengaluru,315000
thecapitalnet,fin-tech,Hyderabad,500000
thekarrier,lastmilelogistics,Bengaluru,240000
thesmartq,consumerinternet,Bengaluru,250000
thinkerbell,consumerinternet,Bengaluru,200000
ticketnew,consumerinternet,Chennai,35000000
timesaverz,consumerinternet,Mumbai,1000000
tinyowl,fooddiscovery&deliverymobileapp,Mumbai,7500000
tinystep,consumerinternet,Bengaluru,2000000
toffee,consumerinternet,Gurugram,1500000
toflo,fintechstartupincubationplatform,Mumbai,100000
tokoinnovationstudios,consumerinternet,New Delhi,450000
tokoinnovations,consumerinternet,Bengaluru,450000
tokri,consumerinternet,Pune,2500000
tonboimaging,technology,Bengaluru,17000000
tonetag,technology,Bengaluru,8000000
tooler,ondemandlaundryservicesapp,New Delhi,110000
toppr,onlineeducationplatform,Mumbai,10000000
toppr.com,competitiveexamlearningplatform,Mumbai,2000000
toprankers,education,Bengaluru,670000
torqus,restaurantmanagementplatform,Pune,350000
touchkin,healthcare,Bengaluru,400000
townessentials,grocerydeliveryplatform,Bengaluru,1000000
tracxn,startupfundingplatform,Bengaluru,10000000
tradelab,financialmarketssoftware,Bengaluru,400000
tradingbells,consumerinternet,Indore,297000
trakntell,technology,Gurugram,3500000
transerv,consumerinternet,Mumbai,15000000
transerve,technology,Mumbai,1600000
transversaltechnologies,technology,Bengaluru,6000000
traveltriangle,consumerinternet,Noida,10000000
travelyaari,consumerinternet,Bengaluru,3000000
treebo,onlinebudgethotelbookingservice,Bengaluru,6000000
trell,video,Bengaluru,2000000
trendieapp,technology,Kolkata,50000
trilyo,technology,Mumbai,250000
tripshelf,consumerinternet,Delhi,246000
tripoto,socialmedia,New Delhi,3591375
truce,fmcg,Mumbai,370000
truckingcube,logistics,New Delhi,14900000
truckmandi,logisticsserviceprovidermarketplace,New Delhi,2000000
truckola,logistics,Mumbai,595000
trucksfirst,truckinglogisticoperations,Gurugram,10000000
truebalance,technology,Gurugram,23000000
truenorth,finance,Mumbai,600000000
truebil,consumerinternet,Mumbai,3000000
truehb,medicaltechinstruments,New Delhi,2400000
trukky,logisticsserviceplatform,Ahmedabad,245000
trupay,technology,Gurugram,700000
truxapp,logistics,New Delhi,3100000
twigly,onlinefoodordering&deliveryplatform,Gurugram,200000
tydy,technology,Bengaluru,275000
tygr,technology,Mumbai,3000000
tynorothontics,healthcare,Chandigarh,21000000
uberdreams,ecommerce,Mumbai,500000
uclid,technology,Hyderabad,235000
udaan,ecommerce,Bengaluru,10000000
uelifesciences,earlycancerdetectionsolutions,US/India,3000000
unaacademy,consumerinternet,Bengaluru,1000000
unacademy,consumerinternet,Bengaluru,500000
unbxd,technology,Bengaluru,12500000
uniken,onlinesecurityplatform,Pune,2000000
uniphore,technology,Chennai,2000000
universalsportsbizpvt.ltd,ecommerce,Mumbai,15000000
unnatihelpers,consumerinternet,Gurugram,600000
unocoin,consumerinternet,Bengaluru,1500000
upwards,fin-tech,Mumbai,5000000
urbanladder,ecommerce,Bengaluru,15200000
urbanclap,hyperlocalmobileservicesmarketplace,New Delhi,1600000
urbanclaptechnologiespvt.ltd,servicesplatform,New Delhi,50000000
urbanpro,on-demandservicemarketplace,Bengaluru,2000000
urdoorstep,ecommerce,Bengaluru,1400000
vresorts,consumerinternet,Noida,4000000
vagupu,technology,Bengaluru,1000000
vahanalytics,technology,Mumbai,200000
vahdamtea,e-commerce,Delhi,1500000
vahdamteas,ecommerce,New Delhi,650000
vanitycube,consumerinternet,New Delhi,250000
varthana,finance,Bengaluru,55000000
vayana,technology,Pune,4000000
vebbler,consumerinternet,Bengaluru,40000
vedantu,onlineeducationplatform,Bengaluru,5000000
veebafoods,healthyfoodmanufacturer,New Delhi,6000000
vegetall,ecommerce,Chennai,162000
velmenni,technology,New Delhi,100000
velvetcase,ecommerce,Mumbai,1500000
venturecatalysts,consumerinternet,Mumbai,500000
venturesity,onlinejobskillsshowcase,Bengaluru,270000
veqta,consumerinternet,New Delhi,500000
veritasfinance,finance,Chennai,4700000
veritasfinanceltd.,nbfc,Chennai,27799000
videoken,consumerinternet,Bengaluru,1000000
vidgyor,videoadvertisementplatform,Bengaluru,500000
vidooly,videointelligenceplatform,Noida,1000000
villgro,finance,Chennai,3500000
virtuallogic,"virtualreality,3dsimulationandstereoscopicproducts",Bengaluru,800000
vistarooms,consumerinternet,Mumbai,776000
vistaarfinance,smallbusinessfinancing(nbfc),Bengaluru,40000000
vithi.com,ecommerce,New Delhi,375000
vivocarat,ecommerce,Mumbai,50000
vogoautomotive,lastmiletransportation,Kormangala,283000000
vogoautomotivepvt.ltd.,transportation,Karnataka,3584000
vola,finance,Bengaluru,500000
voltamotors,technology,Chennai,100000
voodoo,mobileonlyshoppingassistant,New Delhi,1000000
voonik,ecommerce,Bengaluru,3000000
voxweb,consumerinternet,Mumbai,1000000
voylla,fashionjewelryandaccessoriese-tailer,Jaipur,15000000
vsttravels,technology,Kerala,27000
vtion,technology,Gurugram,280000
vyaparapp,accounting,Bengaluru,5000000
vymo,technology,Bengaluru,5000000
vyomebiosciences,healthcare,New Delhi,2000000
vyometherapeuticsinc.,healthandwellness,India/US,22000000
vyomo,consumerinternet,New Delhi,15000000
wandertrails,consumerinternet,Bengaluru,1000000
wassup,consumerinternet,Chennai,3200000
waycool,food&beverage,Chennai,2700000
wayforward,consumerinternet,New Delhi,1000000
wealthapp,consumerinternet,Bengaluru,440000
wealthy,consumerinternet,Bengaluru,250000
weareholidays,consumerinternet,Gurugram,7700000
weballigator,consumerinternet,Bengaluru,375000
weddingwishlist,consumerinternet,Chennai,297000
weddingz.in,weddingvenues&vendorsmarketplace,Mumbai,1000000
wedmegood.com,weddingplanningplatform,Gurugram,410000
weflyindoorskydiving,others,Mumbai,40000
welcomecure,onlinehomeopathyclinic,Mumbai,6000000
wellthy,healthcare,Mumbai,2100000
whatfix,technology,Bengaluru,3690000
wheelstreet,consumerinternet,Bengaluru,500000
whiteowlbrewery,micro-brewery,Mumbai,1530000
whodat,technology,Bengaluru,600000
wholesalebox,ecommerce,Jaipur,2000000
whoop,performanceoptimizationplatformforathletes,Boston,3000000
wickedride,bikerentalplatform,Bengaluru,790000
wigzo,enterprisemarketingautomationplatform,New Delhi,500000
withme,consumerinternet,Gurugram,250000
wittyparot,technology,Bengaluru,450000
wiwigo,consumerinternet,Bengaluru,595000
wizcounsel,compliance,New Delhi,145000
wizrocket,userengagment&analyticsplatform,Mumbai,9600000
woodpie,consumerinternet,Bengaluru,30000
wooplr,ecommerce,Bengaluru,8000000
workapps,technology,Pune,1000000
workindia,jobboard,Mumbai,500000
worldartcommunity,onlineartmarketplace,Gurugram,200000
wowexpress,technology,Mumbai,4500000
wow!momo,quickservicerestaurantchain,Kolkata,1600000
wudstay,budgetaccommodationaggregator,Gurugram,3000000
xpressbees,ecommerce,Pune,12500000
xseededucation,technology,Bengaluru,10000000
xstok,b2bmobileauctionmarketplace,Mumbai,450000
yaantra,ecommerce,New Delhi,3100000
yaap,consumerinternet,New Delhi,5000000
yatra.com,ecommerce,Gurugram,15400000
yellowdig,consumerinternet,Pune,650000
yepme,privatelabelfashionetailer,Gurugram,75000000
yourquote,technology,Bengaluru,1000000
yourdost,onlinecounsellingandpsychologicalsupportplatform,Gwalior,400000
yourstory,consumerinternet,Bengaluru,3000000
youthkiawaaz,communitydrivennews/viewsplatform,New Delhi,600000
yumigo,consumerinternet,Gurugram,300000
yumist,homecookedfoodorder&deliveryplatform,Gurugram,2000000
yumlane,food&beverage,Mumbai,1000000
yupptv,consumerinternet,Bengaluru,50000000
yuvihospitality,premiumdininglounges&restaurants,Gurugram,15000000
zakoopi,fashiondiscoveryplatform,New Delhi,350000
zappfresh,rawmeat&readytoeatfoodetailer,Gurugram,77000
zappka,consumerinternet,Gurugram,100000
zapr,technology,Bengaluru,10000000
zapstitch,clouddataintegrationplatform,Bengaluru,2000000
zapty,technology,Bengaluru,500000
zapyle,pre-usedapparelshoppingmobileapp,Bengaluru,1000000
zarget,consumerinternet,Chennai,1500000
zebi(yettolaunch),technology,Hyderabad,1000000
zebpay,consumerinternet,Ahmedabad,1000000
zebroads,logistics,Hyderabad,75000
zefo,ecommerce,Bengaluru,9200000
zenatix,technology,Gurugram,1200000
zendrive,technology,Bengaluru / SFO,13500000
zenify,consumerinternet,Bengaluru,900000
zenify.in,residentialrentalmanagementplatform,Bengaluru,640000
zenoti,technology,Hyderabad,15000000
zenparent,parentsfocusedwebcontent,Bengaluru,500000
zepo,consumerinternet,Mumbai,500000
zeppery,foodordering&deliveryapp,New Delhi,77000
zestmoney,consumerinternet,Mumbai,6500000
zeta,technology,Mumbai,19000000
ziffyhomes,consumerinternet,Gurugram,120000
zify,ridesharingplatform,Hyderabad,190000
zilingo,marketplaceappforbangkok,Bengaluru/ Bangkok,1900000
zimmber,hyperlocalhandymanservices,Mumbai,400000
zinka,freightlogisticsplatform,Bengaluru,6000000
zipgrid,consumerinternet,Mumbai,200000
ziploan,consumerinternet,New Delhi,3000000
zippserv,consumerinternet,Bengaluru,440000
zippserve,consumerinternet,Bengaluru,390000
zivame,onlinelingeriemarketplace,Bengaluru,40000000
zorooms,onlinebudgethotelchain,New Delhi,30000000
zoctr,health-techplatform,Mumbai,1000000
zolostays,consumerinternet,Bengaluru,5000000
zomato,foodandbeverages,Gurugram,200000000
zoojoo.be,corporatewellnessapp,Bengaluru,1000000
zoomcar,consumerinternet,Bengaluru,24000000
zophop,publiccommutehelperapp,Mumbai,450000
zopnow,onlinegrocer,Bengaluru,10000000
zopper,hyperlocalshoppingapp,Mumbai,20000000
zovi.com/littleapp,hyperlocaldealsmarketplace,Bengaluru,50000000
zuppler,consumerinternet,New Delhi,650000
zuver,consumerinternet,Mumbai,180000
zwayam,consumerinternet,Bengaluru,250000
